<!DOCTYPE ejb-jar PUBLIC
    "-//Sun Microsystems, Inc.//DTD Enterprise JavaBeans 2.0//EN"
    "http://java.sun.com/dtd/ejb-jar_2_0.dtd">

<ejb-jar>
	<enterprise-beans>
		<session>
			<display-name>CustomerSessionBean</display-name>
			<ejb-name>CustomerSession</ejb-name>
			<home>com.ejb2.test.CustomerSessionHome</home>
			<remote>com.ejb2.test.CustomerSession</remote>
			<ejb-class>com.ejb2.test.CustomerSessionBean</ejb-class>
			<session-type>Stateless</session-type>
			<transaction-type>Container</transaction-type>

			<ejb-local-ref>
				<ejb-ref-name>ejb/Customer</ejb-ref-name>
				<ejb-ref-type>Entity</ejb-ref-type>
				<local-home>com.ejb2.test.CustomerLocalHome</local-home>
				<local>com.ejb2.test.CustomerLocal</local>
				<ejb-link>Customer</ejb-link>
			</ejb-local-ref>

			<security-identity>
				<description></description>
				<use-caller-identity></use-caller-identity>
			</security-identity>
		</session>
		
		<entity>
			<display-name>CustomerBean</display-name>
			<ejb-name>Customer</ejb-name>
			<local-home>com.ejb2.test.CustomerLocalHome</local-home>
			<local>com.ejb2.test.CustomerLocal</local>
			<ejb-class>com.ejb2.test.CustomerBean</ejb-class>
			<persistence-type>Container</persistence-type>
			<prim-key-class>java.lang.String</prim-key-class>
			<reentrant>False</reentrant>
			<cmp-version>2.x</cmp-version>
			<abstract-schema-name>customers</abstract-schema-name>

			<cmp-field>
				<description>no description</description>
				<field-name>name</field-name>
			</cmp-field>

			<cmp-field>
				<description>no description</description>
				<field-name>password</field-name>
			</cmp-field>

			<cmp-field>
				<description>no description</description>
				<field-name>email</field-name>
			</cmp-field>

			<cmp-field>
				<description>no description</description>
				<field-name>customerID</field-name>
			</cmp-field>

			<cmp-field>
				<description>no description</description>
				<field-name>locked</field-name>
			</cmp-field>

			<primkey-field>customerID</primkey-field>

			<security-identity>
				<description></description>
				<use-caller-identity></use-caller-identity>
			</security-identity>
						<query>
						<description></description>
				<query-method>
					<method-name>ejbSelectTotalCustomers</method-name>
					<method-params />
				</query-method>
				<ejb-ql>select object (c) from customers c</ejb-ql>
			</query>
			<query>
				<query-method>
					<method-name>findByCustomerName</method-name>
					<method-params>
						<method-param>java.lang.String</method-param>
					</method-params>
				</query-method>
				<ejb-ql>select distinct object (c) from customers c where c.name = ?1</ejb-ql>
			</query>
		</entity>


	</enterprise-beans>
	
	<assembly-descriptor>
			<method-permission>
			<!--unchecked/ -->
			<role-name>JBossAdmin</role-name>
			<method>
				<ejb-name>Customer</ejb-name>
				<method-name>*</method-name>
			</method>
		</method-permission>
		<method-permission>
			<!--unchecked/ -->
			<role-name>JBossAdmin</role-name>
			<method>
				<ejb-name>CustomerSession</ejb-name>
				<method-name>*</method-name>
			</method>
		</method-permission>
		<container-transaction>
			<method>
				<description>getTotalCustomers</description>
				<ejb-name>CustomerSessionBean</ejb-name>
				<method-intf>Remote</method-intf>
				<method-name>getTotalCustomers</method-name>
				<method-params />
			</method>
			<trans-attribute>Required</trans-attribute>
		</container-transaction>
	<container-transaction>
			<description></description>
			<method>
				<description>createCustomer</description>
				<ejb-name>CustomerSession</ejb-name>
				<method-intf>Remote</method-intf>
				<method-name>createCustomer</method-name>
				<method-params>
					<method-param>CustomerVO</method-param>
				</method-params>
			</method>
			<trans-attribute>Required</trans-attribute>
		</container-transaction>

	</assembly-descriptor>
</ejb-jar>
