<?xml version="1.0" encoding="UTF-8" ?>
<flow xmlns="http://www.springframework.org/schema/webflow"
    xmlns:xsi="http://www.w3.org/2001/XMLSchema-instance"
    xsi:schemaLocation="http://www.springframework.org/schema/webflow
        http://www.springframework.org/schema/webflow/spring-webflow.xsd">

    <persistence-context />

    <view-state id="transferForm">
        <on-render>
            <evaluate expression="transferMoneyAction.setupForm" />
        </on-render>
        <transition on="proceed" to="transferReview">
            <evaluate expression="transferMoneyAction.bindAndValidate" />
        </transition>
        <transition on="cancel" to="cancel" />
    </view-state>

    <view-state id="transferReview">
        <on-render>
            <evaluate expression="transferMoneyAction.setupForm" />
        </on-render>
        <transition on="confirm" to="confirm">
            <evaluate expression="persistenceContext.persist(transferRecord)" />
        </transition>
        <transition on="revise" to="transferForm" />
        <transition on="cancel" to="cancel" />
    </view-state>

    <end-state id="confirm" commit="true" />

    <end-state id="cancel" />
</flow>
