<assembly xmlns="http://maven.apache.org/plugins/maven-assembly-plugin/assembly/1.1.2"
    xmlns:xsi="http://www.w3.org/2001/XMLSchema-instance"
    xsi:schemaLocation="http://maven.apache.org/plugins/maven-assembly-plugin/assembly/1.1.2 http://maven.apache.org/xsd/assembly-1.1.2.xsd">
  <id>jar</id>
  <formats>
    <format>jar</format>
  </formats>
  <includeBaseDirectory>false</includeBaseDirectory>
  <dependencySets>
    <dependencySet>
      <outputDirectory>/</outputDirectory>
      <useProjectArtifact>true</useProjectArtifact>
      <unpack>true</unpack>
      <scope>runtime</scope>
      <useTransitiveDependencies>false</useTransitiveDependencies>
      <includes>
        <include>com.perfmath:*</include>
      </includes>
    </dependencySet>
  </dependencySets>
  <fileSets>
    <fileSet>
      <directory>target/classes</directory>
      <outputDirectory>/</outputDirectory>
    </fileSet>
  </fileSets>
</assembly>