<?xml version="1.0" encoding="UTF-8"?>

<beans xmlns="http://www.springframework.org/schema/beans"
	xmlns:xsi="http://www.w3.org/2001/XMLSchema-instance" xmlns:context="http://www.springframework.org/schema/context"
	xmlns:mvc="http://www.springframework.org/schema/mvc"
	xsi:schemaLocation="http://www.springframework.org/schema/beans
    http://www.springframework.org/schema/beans/spring-beans.xsd
    http://www.springframework.org/schema/context
    http://www.springframework.org/schema/context/spring-context.xsd
    http://www.springframework.org/schema/mvc
    http://www.springframework.org/schema/mvc/spring-mvc.xsd">

	<!-- the application context definition for the soba DispatcherServlet -->
	<context:component-scan base-package="com.perfmath.spring.soba.web" />
	<context:component-scan base-package="com.perfmath.spring.soba.model" />
	<context:component-scan base-package="com.perfmath.spring.soba.service" />
	<context:component-scan base-package="com.perfmath.spring.soba.restfulweb" />
	<context:annotation-config />
 	<mvc:annotation-driven />
	<bean name="defaultHandler"
		class="org.springframework.web.servlet.mvc.annotation.DefaultAnnotationHandlerMapping">
		<property name="order" value="0" />
	</bean>
	<bean name="beanNameUrlHandler"
		class="org.springframework.web.servlet.handler.BeanNameUrlHandlerMapping">
		<property name="order" value="0" />
	</bean>
	<bean name="annotationMethodHandlerAdapter"
		class="org.springframework.web.servlet.mvc.annotation.AnnotationMethodHandlerAdapter" />
	<bean
		class="org.springframework.web.servlet.mvc.method.annotation.RequestMappingHandlerAdapter" />
	<bean name="simpleControllerHandlerAdapter"
		class="org.springframework.web.servlet.mvc.SimpleControllerHandlerAdapter" />

	<bean id="myAuthenticationManager" class="com.perfmath.spring.soba.util.MyAuthenticationManager">
	</bean>
	<bean id="messageSource"
		class="org.springframework.context.support.ResourceBundleMessageSource">
		<property name="basename" value="messages" />
	</bean>
	<bean name="/customerList.htm" class="com.perfmath.spring.soba.web.CustomerController">
		<property name="customerManager" ref="customerManager" />
	</bean>
	<bean name="/accountList.htm" class="com.perfmath.spring.soba.web.AccountController">
		<property name="accountManager" ref="accountManager" />
	</bean>
	<bean name="/transactionList.htm" class="com.perfmath.spring.soba.web.TxController">
		<property name="txManager" ref="txManager" />
	</bean>

	<bean name="/manageTx.htm" class="com.perfmath.spring.soba.web.ManageTxController">
		<property name="aclTxManager" ref="aclTxManager" />
	</bean>

	<bean name="/reverseTx.htm" class="com.perfmath.spring.soba.web.ReverseTxController">
		<property name="aclTxManager" ref="aclTxManager" />
	</bean>
	<bean name="/disputeTx.htm" class="com.perfmath.spring.soba.web.DisputeTxController">
		<property name="aclTxManager" ref="aclTxManager" />
	</bean>
	<!-- spring 3 restful begin -->
	<bean id="jaxbMarshaller" class="org.springframework.oxm.jaxb.Jaxb2Marshaller">
		<property name="classesToBeBound">
			<list>
				<value>com.perfmath.spring.soba.model.domain.BankingTx</value>
			</list>
		</property>
	</bean>

	<bean id="restTxList"
		class="org.springframework.web.servlet.view.xml.MarshallingView">
		<constructor-arg ref="jaxbMarshaller" />
	</bean>
	<bean class="org.springframework.web.servlet.view.UrlBasedViewResolver">
		<property name="viewClass"
			value="org.springframework.web.servlet.view.JstlView" />
		<property name="prefix" value="/WEB-INF/jsp/" />
		<property name="suffix" value=".jsp" />
	</bean>
	<bean
		class="org.springframework.web.servlet.view.ContentNegotiatingViewResolver">
		<property name="order" value="1" />
		<property name="contentNegotiationManager">
			<bean class="org.springframework.web.accept.ContentNegotiationManager">
				<constructor-arg>
					<list>
						<bean
							class="org.springframework.web.accept.PathExtensionContentNegotiationStrategy">
							<constructor-arg>
								<map>
									<entry key="json" value="application/json" />
									<entry key="xml" value="application/xml" />
									<entry key="html" value="text/html" />
								</map>
							</constructor-arg>
						</bean>
						<bean
							class="org.springframework.web.accept.HeaderContentNegotiationStrategy" />
					</list>
				</constructor-arg>
			</bean>
		</property>
		<property name="defaultViews">
			<list>
				<!-- JSON View -->
				<bean
					class="org.springframework.web.servlet.view.json.MappingJacksonJsonView" />

				<!-- XML View -->
				<bean class="org.springframework.web.servlet.view.xml.MarshallingView">
					<constructor-arg>
						<bean class="org.springframework.oxm.jaxb.Jaxb2Marshaller">
							<property name="packagesToScan">
								<list>
									<value>com.perfmath.spring.soba.model.domain</value>
								</list>
							</property>
						</bean>
					</constructor-arg>
				</bean>

			</list>
		</property>
	</bean>

</beans>
