<!DOCTYPE hibernate-configuration
        PUBLIC "-//Hibernate/Hibernate Configuration DTD 3.0//EN"
        "http://www.hibernate.org/dtd/hibernate-configuration-3.0.dtd">

<hibernate-configuration>
	<session-factory>
		<property name="connection.driver_class">com.mysql.jdbc.Driver</property>
		<property name="connection.url">jdbc:mysql://localhost:3306/soba</property>
		<property name="connection.username">sobaadmin</property>
		<property name="connection.password">sobaadmin</property>
		<property name="hibernate.dialect">org.hibernate.dialect.MySQLDialect</property>
		<property name="hibernate.show_sql">true</property>
		<property name="hibernate.hbm2ddl.auto">update</property>
		<property name="current_session_context_class">thread</property>
		<mapping class="com.perfmath.spring.soba.model.domain.BillPayment"/>
	</session-factory>
</hibernate-configuration>