<?xml version="1.0" encoding="UTF-8"?>
<diagram>
<treenode namespace="ROOT" id="ROOT:ROOT" name="ROOT" callStartTime="0" callEndTime="1169447237677" timeSum="189717" callCountSum="0" nodeType="ROOT">
<property name="userObject">ROOT</property>
<property name="CSSclass">API</property>
<treenode namespace="ROOT" id="ROOT:T0" name="T0" callStartTime="1169447047960" callEndTime="1169447237677" timeSum="189717" callCountSum="0" nodeType="Thread">
<property name="userObject">T0</property>
<property name="CSSclass">API</property>
<treenode namespace="ROOT.T0" id="ROOT.T0:cdmiPerfTest_main" name="cdmiPerfTest_main" callStartTime="1169447047960" callEndTime="-1" timeSum="0" callCountSum="0" nodeType="API">
<property name="userObject">cdmiPerfTest_main</property>
<property name="CSSclass">API</property>
<treenode namespace="ROOT.T0.cdmiPerfTest_main" id="ROOT.T0.cdmiPerfTest_main:cdmiPerfTest_init" name="cdmiPerfTest_init" callStartTime="1169447048023" callEndTime="-1" timeSum="0" callCountSum="0" nodeType="API">
<property name="userObject">cdmiPerfTest_init</property>
<property name="CSSclass">API</property>
<treenode namespace="ROOT.T0.cdmiPerfTest_main.cdmiPerfTest_init" id="ROOT.T0.cdmiPerfTest_main.cdmiPerfTest_init:cdmiPerfTest_setThreads" name="cdmiPerfTest_setThreads" callStartTime="1169447048023" callEndTime="-1" timeSum="0" callCountSum="0" nodeType="API">
<property name="userObject">cdmiPerfTest_setThreads</property>
<property name="CSSclass">API</property>
<treelink from="ROOT.T0.cdmiPerfTest_main:cdmiPerfTest_init" id="ROOT.T0.cdmiPerfTest_main.cdmiPerfTest_init.cdmiPerfTest_setThreads:cdmiPerfTest_init__cdmiPerfTest_setThreads" name="cdmiPerfTest_init__cdmiPerfTest_setThreads" islink="true" to="ROOT.T0.cdmiPerfTest_main.cdmiPerfTest_init:cdmiPerfTest_setThreads" callStartTime="1169447048023" callEndTime="1169447048023" callCount="1" elapsedTime="0" color="green">
<property name="edgeLabel">(0 / 1)</property>
</treelink>
</treenode>
<treenode namespace="ROOT.T0.cdmiPerfTest_main.cdmiPerfTest_init" id="ROOT.T0.cdmiPerfTest_main.cdmiPerfTest_init:cdmiPerfTest_setInputDir" name="cdmiPerfTest_setInputDir" callStartTime="1169447048023" callEndTime="-1" timeSum="0" callCountSum="0" nodeType="API">
<property name="userObject">cdmiPerfTest_setInputDir</property>
<property name="CSSclass">API</property>
<treelink from="ROOT.T0.cdmiPerfTest_main:cdmiPerfTest_init" id="ROOT.T0.cdmiPerfTest_main.cdmiPerfTest_init.cdmiPerfTest_setInputDir:cdmiPerfTest_init__cdmiPerfTest_setInputDir" name="cdmiPerfTest_init__cdmiPerfTest_setInputDir" islink="true" to="ROOT.T0.cdmiPerfTest_main.cdmiPerfTest_init:cdmiPerfTest_setInputDir" callStartTime="1169447048023" callEndTime="1169447048023" callCount="1" elapsedTime="0" color="green">
<property name="edgeLabel">(0 / 1)</property>
</treelink>
</treenode>
<treenode namespace="ROOT.T0.cdmiPerfTest_main.cdmiPerfTest_init" id="ROOT.T0.cdmiPerfTest_main.cdmiPerfTest_init:cdmiPerfTest_setOutputDir" name="cdmiPerfTest_setOutputDir" callStartTime="1169447048023" callEndTime="-1" timeSum="0" callCountSum="0" nodeType="API">
<property name="userObject">cdmiPerfTest_setOutputDir</property>
<property name="CSSclass">API</property>
<treelink from="ROOT.T0.cdmiPerfTest_main:cdmiPerfTest_init" id="ROOT.T0.cdmiPerfTest_main.cdmiPerfTest_init.cdmiPerfTest_setOutputDir:cdmiPerfTest_init__cdmiPerfTest_setOutputDir" name="cdmiPerfTest_init__cdmiPerfTest_setOutputDir" islink="true" to="ROOT.T0.cdmiPerfTest_main.cdmiPerfTest_init:cdmiPerfTest_setOutputDir" callStartTime="1169447048023" callEndTime="1169447048023" callCount="1" elapsedTime="0" color="green">
<property name="edgeLabel">(0 / 1)</property>
</treelink>
</treenode>
<treenode namespace="ROOT.T0.cdmiPerfTest_main.cdmiPerfTest_init" id="ROOT.T0.cdmiPerfTest_main.cdmiPerfTest_init:cdmiPerfTest_getOutputDir" name="cdmiPerfTest_getOutputDir" callStartTime="1169447048023" callEndTime="-1" timeSum="0" callCountSum="0" nodeType="API">
<property name="userObject">cdmiPerfTest_getOutputDir</property>
<property name="CSSclass">API</property>
<treelink from="ROOT.T0.cdmiPerfTest_main:cdmiPerfTest_init" id="ROOT.T0.cdmiPerfTest_main.cdmiPerfTest_init.cdmiPerfTest_getOutputDir:cdmiPerfTest_init__cdmiPerfTest_getOutputDir" name="cdmiPerfTest_init__cdmiPerfTest_getOutputDir" islink="true" to="ROOT.T0.cdmiPerfTest_main.cdmiPerfTest_init:cdmiPerfTest_getOutputDir" callStartTime="1169447048023" callEndTime="1169447048023" callCount="1" elapsedTime="0" color="green">
<property name="edgeLabel">(0 / 1)</property>
</treelink>
</treenode>
<treenode namespace="ROOT.T0.cdmiPerfTest_main.cdmiPerfTest_init" id="ROOT.T0.cdmiPerfTest_main.cdmiPerfTest_init:cdmiPerfTest_getThreads" name="cdmiPerfTest_getThreads" callStartTime="1169447048039" callEndTime="-1" timeSum="0" callCountSum="0" nodeType="API">
<property name="userObject">cdmiPerfTest_getThreads</property>
<property name="CSSclass">API</property>
<treelink from="ROOT.T0.cdmiPerfTest_main:cdmiPerfTest_init" id="ROOT.T0.cdmiPerfTest_main.cdmiPerfTest_init.cdmiPerfTest_getThreads:cdmiPerfTest_init__cdmiPerfTest_getThreads" name="cdmiPerfTest_init__cdmiPerfTest_getThreads" islink="true" to="ROOT.T0.cdmiPerfTest_main.cdmiPerfTest_init:cdmiPerfTest_getThreads" callStartTime="1169447048039" callEndTime="1169447048039" callCount="1" elapsedTime="0" color="green">
<property name="edgeLabel">(0 / 1)</property>
</treelink>
</treenode>
<treenode namespace="ROOT.T0.cdmiPerfTest_main.cdmiPerfTest_init" id="ROOT.T0.cdmiPerfTest_main.cdmiPerfTest_init:cdmiPerfTest_setServerPort" name="cdmiPerfTest_setServerPort" callStartTime="1169447048039" callEndTime="-1" timeSum="0" callCountSum="0" nodeType="API">
<property name="userObject">cdmiPerfTest_setServerPort</property>
<property name="CSSclass">API</property>
<treelink from="ROOT.T0.cdmiPerfTest_main:cdmiPerfTest_init" id="ROOT.T0.cdmiPerfTest_main.cdmiPerfTest_init.cdmiPerfTest_setServerPort:cdmiPerfTest_init__cdmiPerfTest_setServerPort" name="cdmiPerfTest_init__cdmiPerfTest_setServerPort" islink="true" to="ROOT.T0.cdmiPerfTest_main.cdmiPerfTest_init:cdmiPerfTest_setServerPort" callStartTime="1169447048039" callEndTime="1169447048429" callCount="1" elapsedTime="390" color="green">
<property name="edgeLabel">(390 / 1)</property>
</treelink>
</treenode>
<treelink from="ROOT.T0:cdmiPerfTest_main" id="ROOT.T0.cdmiPerfTest_main.cdmiPerfTest_init:cdmiPerfTest_main__cdmiPerfTest_init" name="cdmiPerfTest_main__cdmiPerfTest_init" islink="true" to="ROOT.T0.cdmiPerfTest_main:cdmiPerfTest_init" callStartTime="1169447048023" callEndTime="1169447048429" callCount="1" elapsedTime="406" color="green">
<property name="edgeLabel">(406 / 1)</property>
</treelink>
</treenode>
<treenode namespace="ROOT.T0.cdmiPerfTest_main" id="ROOT.T0.cdmiPerfTest_main:cdmiPerfTest_APITest" name="cdmiPerfTest_APITest" callStartTime="1169447048445" callEndTime="-1" timeSum="0" callCountSum="0" nodeType="API">
<property name="userObject">cdmiPerfTest_APITest</property>
<property name="CSSclass">API</property>
<treenode namespace="ROOT.T0.cdmiPerfTest_main.cdmiPerfTest_APITest" id="ROOT.T0.cdmiPerfTest_main.cdmiPerfTest_APITest:cdmiPerfTest_getThreads" name="cdmiPerfTest_getThreads" callStartTime="1169447048445" callEndTime="-1" timeSum="0" callCountSum="0" nodeType="API">
<property name="userObject">cdmiPerfTest_getThreads</property>
<property name="CSSclass">API</property>
<treelink from="ROOT.T0.cdmiPerfTest_main:cdmiPerfTest_APITest" id="ROOT.T0.cdmiPerfTest_main.cdmiPerfTest_APITest.cdmiPerfTest_getThreads:cdmiPerfTest_APITest__cdmiPerfTest_getThreads" name="cdmiPerfTest_APITest__cdmiPerfTest_getThreads" islink="true" to="ROOT.T0.cdmiPerfTest_main.cdmiPerfTest_APITest:cdmiPerfTest_getThreads" callStartTime="1169447048445" callEndTime="1169447048445" callCount="1" elapsedTime="0" color="green">
<property name="edgeLabel">(0 / 1)</property>
</treelink>
</treenode>
<treenode namespace="ROOT.T0.cdmiPerfTest_main.cdmiPerfTest_APITest" id="ROOT.T0.cdmiPerfTest_main.cdmiPerfTest_APITest:cdmiAPITestThread_cdmiAPITestThread" name="cdmiAPITestThread_cdmiAPITestThread" callStartTime="1169447048445" callEndTime="-1" timeSum="0" callCountSum="0" nodeType="API">
<property name="userObject">cdmiAPITestThread_cdmiAPITestThread</property>
<property name="CSSclass">API</property>
<treenode namespace="ROOT.T0.cdmiPerfTest_main.cdmiPerfTest_APITest.cdmiAPITestThread_cdmiAPITestThread" id="ROOT.T0.cdmiPerfTest_main.cdmiPerfTest_APITest.cdmiAPITestThread_cdmiAPITestThread:cdmiPerfTest_getInputDir" name="cdmiPerfTest_getInputDir" callStartTime="1169447048445" callEndTime="-1" timeSum="0" callCountSum="0" nodeType="API">
<property name="userObject">cdmiPerfTest_getInputDir</property>
<property name="CSSclass">API</property>
<treelink from="ROOT.T0.cdmiPerfTest_main.cdmiPerfTest_APITest:cdmiAPITestThread_cdmiAPITestThread" id="ROOT.T0.cdmiPerfTest_main.cdmiPerfTest_APITest.cdmiAPITestThread_cdmiAPITestThread.cdmiPerfTest_getInputDir:cdmiAPITestThread_cdmiAPITestThread__cdmiPerfTest_getInputDir" name="cdmiAPITestThread_cdmiAPITestThread__cdmiPerfTest_getInputDir" islink="true" to="ROOT.T0.cdmiPerfTest_main.cdmiPerfTest_APITest.cdmiAPITestThread_cdmiAPITestThread:cdmiPerfTest_getInputDir" callStartTime="1169447048445" callEndTime="1169447048445" callCount="1" elapsedTime="0" color="green">
<property name="edgeLabel">(0 / 1)</property>
</treelink>
</treenode>
<treenode namespace="ROOT.T0.cdmiPerfTest_main.cdmiPerfTest_APITest.cdmiAPITestThread_cdmiAPITestThread" id="ROOT.T0.cdmiPerfTest_main.cdmiPerfTest_APITest.cdmiAPITestThread_cdmiAPITestThread:cdmiPerfTest_getOutputDir" name="cdmiPerfTest_getOutputDir" callStartTime="1169447048445" callEndTime="-1" timeSum="0" callCountSum="0" nodeType="API">
<property name="userObject">cdmiPerfTest_getOutputDir</property>
<property name="CSSclass">API</property>
<treelink from="ROOT.T0.cdmiPerfTest_main.cdmiPerfTest_APITest:cdmiAPITestThread_cdmiAPITestThread" id="ROOT.T0.cdmiPerfTest_main.cdmiPerfTest_APITest.cdmiAPITestThread_cdmiAPITestThread.cdmiPerfTest_getOutputDir:cdmiAPITestThread_cdmiAPITestThread__cdmiPerfTest_getOutputDir" name="cdmiAPITestThread_cdmiAPITestThread__cdmiPerfTest_getOutputDir" islink="true" to="ROOT.T0.cdmiPerfTest_main.cdmiPerfTest_APITest.cdmiAPITestThread_cdmiAPITestThread:cdmiPerfTest_getOutputDir" callStartTime="1169447048445" callEndTime="1169447048445" callCount="1" elapsedTime="0" color="green">
<property name="edgeLabel">(0 / 1)</property>
</treelink>
</treenode>
<treenode namespace="ROOT.T0.cdmiPerfTest_main.cdmiPerfTest_APITest.cdmiAPITestThread_cdmiAPITestThread" id="ROOT.T0.cdmiPerfTest_main.cdmiPerfTest_APITest.cdmiAPITestThread_cdmiAPITestThread:cdmiAPITest_cdmiAPITest" name="cdmiAPITest_cdmiAPITest" callStartTime="1169447048492" callEndTime="-1" timeSum="0" callCountSum="0" nodeType="API">
<property name="userObject">cdmiAPITest_cdmiAPITest</property>
<property name="CSSclass">API</property>
<treelink from="ROOT.T0.cdmiPerfTest_main.cdmiPerfTest_APITest:cdmiAPITestThread_cdmiAPITestThread" id="ROOT.T0.cdmiPerfTest_main.cdmiPerfTest_APITest.cdmiAPITestThread_cdmiAPITestThread.cdmiAPITest_cdmiAPITest:cdmiAPITestThread_cdmiAPITestThread__cdmiAPITest_cdmiAPITest" name="cdmiAPITestThread_cdmiAPITestThread__cdmiAPITest_cdmiAPITest" islink="true" to="ROOT.T0.cdmiPerfTest_main.cdmiPerfTest_APITest.cdmiAPITestThread_cdmiAPITestThread:cdmiAPITest_cdmiAPITest" callStartTime="1169447048492" callEndTime="1169447048492" callCount="1" elapsedTime="0" color="green">
<property name="edgeLabel">(0 / 1)</property>
</treelink>
</treenode>
<treelink from="ROOT.T0.cdmiPerfTest_main:cdmiPerfTest_APITest" id="ROOT.T0.cdmiPerfTest_main.cdmiPerfTest_APITest.cdmiAPITestThread_cdmiAPITestThread:cdmiPerfTest_APITest__cdmiAPITestThread_cdmiAPITestThread" name="cdmiPerfTest_APITest__cdmiAPITestThread_cdmiAPITestThread" islink="true" to="ROOT.T0.cdmiPerfTest_main.cdmiPerfTest_APITest:cdmiAPITestThread_cdmiAPITestThread" callStartTime="1169447048445" callEndTime="1169447048492" callCount="1" elapsedTime="47" color="green">
<property name="edgeLabel">(47 / 1)</property>
</treelink>
</treenode>
<treenode namespace="ROOT.T0.cdmiPerfTest_main.cdmiPerfTest_APITest" id="ROOT.T0.cdmiPerfTest_main.cdmiPerfTest_APITest:cdmiAPITestThread_Sleep" name="cdmiAPITestThread_Sleep" callStartTime="1169447048492" callEndTime="-1" timeSum="0" callCountSum="0" nodeType="API">
<property name="userObject">cdmiAPITestThread_Sleep</property>
<property name="CSSclass">API</property>
<treelink from="ROOT.T0.cdmiPerfTest_main:cdmiPerfTest_APITest" id="ROOT.T0.cdmiPerfTest_main.cdmiPerfTest_APITest.cdmiAPITestThread_Sleep:cdmiPerfTest_APITest__cdmiAPITestThread_Sleep" name="cdmiPerfTest_APITest__cdmiAPITestThread_Sleep" islink="true" to="ROOT.T0.cdmiPerfTest_main.cdmiPerfTest_APITest:cdmiAPITestThread_Sleep" callStartTime="1169447048492" callEndTime="1169447049367" callCount="1" elapsedTime="875" color="green">
<property name="edgeLabel">(875 / 1)</property>
</treelink>
</treenode>
<treelink from="ROOT.T0:cdmiPerfTest_main" id="ROOT.T0.cdmiPerfTest_main.cdmiPerfTest_APITest:cdmiPerfTest_main__cdmiPerfTest_APITest" name="cdmiPerfTest_main__cdmiPerfTest_APITest" islink="true" to="ROOT.T0.cdmiPerfTest_main:cdmiPerfTest_APITest" callStartTime="1169447048445" callEndTime="1169447049367" callCount="1" elapsedTime="922" color="green">
<property name="edgeLabel">(922 / 1)</property>
</treelink>
</treenode>
<treelink from="ROOT:T0" id="ROOT.T0.cdmiPerfTest_main:T0__cdmiPerfTest_main" name="T0__cdmiPerfTest_main" islink="true" to="ROOT.T0:cdmiPerfTest_main" callStartTime="1169447047960" callEndTime="1169447049367" callCount="1" elapsedTime="1407" color="green">
<property name="edgeLabel">(1407 / 1)</property>
</treelink>
</treenode>
<treenode namespace="ROOT.T0" id="ROOT.T0:cdmiAPITestThread_run" name="cdmiAPITestThread_run" callStartTime="1169447049367" callEndTime="-1" timeSum="0" callCountSum="0" nodeType="API">
<property name="userObject">cdmiAPITestThread_run</property>
<property name="CSSclass">API</property>
<treenode namespace="ROOT.T0.cdmiAPITestThread_run" id="ROOT.T0.cdmiAPITestThread_run:cdmiAPITestThread_createObjectTest" name="cdmiAPITestThread_createObjectTest" callStartTime="1169447049367" callEndTime="-1" timeSum="0" callCountSum="0" nodeType="API">
<property name="userObject">cdmiAPITestThread_createObjectTest</property>
<property name="CSSclass">API</property>
<treenode namespace="ROOT.T0.cdmiAPITestThread_run.cdmiAPITestThread_createObjectTest" id="ROOT.T0.cdmiAPITestThread_run.cdmiAPITestThread_createObjectTest:cdmiPerfTest_getSysTime" name="cdmiPerfTest_getSysTime" callStartTime="1169447049367" callEndTime="-1" timeSum="0" callCountSum="0" nodeType="API">
<property name="userObject">cdmiPerfTest_getSysTime</property>
<property name="CSSclass">API</property>
<treelink from="ROOT.T0.cdmiAPITestThread_run:cdmiAPITestThread_createObjectTest" id="ROOT.T0.cdmiAPITestThread_run.cdmiAPITestThread_createObjectTest.cdmiPerfTest_getSysTime:cdmiAPITestThread_createObjectTest__cdmiPerfTest_getSysTime" name="cdmiAPITestThread_createObjectTest__cdmiPerfTest_getSysTime" islink="true" to="ROOT.T0.cdmiAPITestThread_run.cdmiAPITestThread_createObjectTest:cdmiPerfTest_getSysTime" callStartTime="1169447049367" callEndTime="1169447049367" callCount="1" elapsedTime="0" color="green">
<property name="edgeLabel">(0 / 1)</property>
</treelink>
</treenode>
<treenode namespace="ROOT.T0.cdmiAPITestThread_run.cdmiAPITestThread_createObjectTest" id="ROOT.T0.cdmiAPITestThread_run.cdmiAPITestThread_createObjectTest:cdmiAPITest_createObject" name="cdmiAPITest_createObject" callStartTime="1169447049367" callEndTime="-1" timeSum="0" callCountSum="0" nodeType="API">
<property name="userObject">cdmiAPITest_createObject</property>
<property name="CSSclass">API</property>
<treenode namespace="ROOT.T0.cdmiAPITestThread_run.cdmiAPITestThread_createObjectTest.cdmiAPITest_createObject" id="ROOT.T0.cdmiAPITestThread_run.cdmiAPITestThread_createObjectTest.cdmiAPITest_createObject:cdmiAPITest_getContext" name="cdmiAPITest_getContext" callStartTime="1169447049367" callEndTime="-1" timeSum="0" callCountSum="0" nodeType="API">
<property name="userObject">cdmiAPITest_getContext</property>
<property name="CSSclass">API</property>
<treelink from="ROOT.T0.cdmiAPITestThread_run.cdmiAPITestThread_createObjectTest:cdmiAPITest_createObject" id="ROOT.T0.cdmiAPITestThread_run.cdmiAPITestThread_createObjectTest.cdmiAPITest_createObject.cdmiAPITest_getContext:cdmiAPITest_createObject__cdmiAPITest_getContext" name="cdmiAPITest_createObject__cdmiAPITest_getContext" islink="true" to="ROOT.T0.cdmiAPITestThread_run.cdmiAPITestThread_createObjectTest.cdmiAPITest_createObject:cdmiAPITest_getContext" callStartTime="1169447049367" callEndTime="1169447049367" callCount="1" elapsedTime="0" color="green">
<property name="edgeLabel">(0 / 1)</property>
</treelink>
</treenode>
<treenode namespace="ROOT.T0.cdmiAPITestThread_run.cdmiAPITestThread_createObjectTest.cdmiAPITest_createObject" id="ROOT.T0.cdmiAPITestThread_run.cdmiAPITestThread_createObjectTest.cdmiAPITest_createObject:cdmiPerfUtil_createGuid" name="cdmiPerfUtil_createGuid" callStartTime="1169447049367" callEndTime="-1" timeSum="0" callCountSum="0" nodeType="API">
<property name="userObject">cdmiPerfUtil_createGuid</property>
<property name="CSSclass">API</property>
<treelink from="ROOT.T0.cdmiAPITestThread_run.cdmiAPITestThread_createObjectTest:cdmiAPITest_createObject" id="ROOT.T0.cdmiAPITestThread_run.cdmiAPITestThread_createObjectTest.cdmiAPITest_createObject.cdmiPerfUtil_createGuid:cdmiAPITest_createObject__cdmiPerfUtil_createGuid" name="cdmiAPITest_createObject__cdmiPerfUtil_createGuid" islink="true" to="ROOT.T0.cdmiAPITestThread_run.cdmiAPITestThread_createObjectTest.cdmiAPITest_createObject:cdmiPerfUtil_createGuid" callStartTime="1169447049367" callEndTime="1169447049382" callCount="1" elapsedTime="15" color="green">
<property name="edgeLabel">(15 / 1)</property>
</treelink>
</treenode>
<treenode namespace="ROOT.T0.cdmiAPITestThread_run.cdmiAPITestThread_createObjectTest.cdmiAPITest_createObject" id="ROOT.T0.cdmiAPITestThread_run.cdmiAPITestThread_createObjectTest.cdmiAPITest_createObject:cdmiAPITest_getSysTime" name="cdmiAPITest_getSysTime" callStartTime="1169447049382" callEndTime="-1" timeSum="0" callCountSum="0" nodeType="API">
<property name="userObject">cdmiAPITest_getSysTime</property>
<property name="CSSclass">API</property>
<treelink from="ROOT.T0.cdmiAPITestThread_run.cdmiAPITestThread_createObjectTest:cdmiAPITest_createObject" id="ROOT.T0.cdmiAPITestThread_run.cdmiAPITestThread_createObjectTest.cdmiAPITest_createObject.cdmiAPITest_getSysTime:cdmiAPITest_createObject__cdmiAPITest_getSysTime" name="cdmiAPITest_createObject__cdmiAPITest_getSysTime" islink="true" to="ROOT.T0.cdmiAPITestThread_run.cdmiAPITestThread_createObjectTest.cdmiAPITest_createObject:cdmiAPITest_getSysTime" callStartTime="1169447049382" callEndTime="1169447049382" callCount="1" elapsedTime="0" color="green">
<property name="edgeLabel">(0 / 1)</property>
</treelink>
</treenode>
<treenode namespace="ROOT.T0.cdmiAPITestThread_run.cdmiAPITestThread_createObjectTest.cdmiAPITest_createObject" id="ROOT.T0.cdmiAPITestThread_run.cdmiAPITestThread_createObjectTest.cdmiAPITest_createObject:cdmiAPITest_getThreadName" name="cdmiAPITest_getThreadName" callStartTime="1169447049648" callEndTime="-1" timeSum="0" callCountSum="0" nodeType="API">
<property name="userObject">cdmiAPITest_getThreadName</property>
<property name="CSSclass">API</property>
<treelink from="ROOT.T0.cdmiAPITestThread_run.cdmiAPITestThread_createObjectTest:cdmiAPITest_createObject" id="ROOT.T0.cdmiAPITestThread_run.cdmiAPITestThread_createObjectTest.cdmiAPITest_createObject.cdmiAPITest_getThreadName:cdmiAPITest_createObject__cdmiAPITest_getThreadName" name="cdmiAPITest_createObject__cdmiAPITest_getThreadName" islink="true" to="ROOT.T0.cdmiAPITestThread_run.cdmiAPITestThread_createObjectTest.cdmiAPITest_createObject:cdmiAPITest_getThreadName" callStartTime="1169447049648" callEndTime="1169447049648" callCount="1" elapsedTime="0" color="green">
<property name="edgeLabel">(0 / 1)</property>
</treelink>
</treenode>
<treenode namespace="ROOT.T0.cdmiAPITestThread_run.cdmiAPITestThread_createObjectTest.cdmiAPITest_createObject" id="ROOT.T0.cdmiAPITestThread_run.cdmiAPITestThread_createObjectTest.cdmiAPITest_createObject:cdmiAPITest_sysPrint" name="cdmiAPITest_sysPrint" callStartTime="1169447049648" callEndTime="-1" timeSum="0" callCountSum="0" nodeType="API">
<property name="userObject">cdmiAPITest_sysPrint</property>
<property name="CSSclass">API</property>
<treenode namespace="ROOT.T0.cdmiAPITestThread_run.cdmiAPITestThread_createObjectTest.cdmiAPITest_createObject.cdmiAPITest_sysPrint" id="ROOT.T0.cdmiAPITestThread_run.cdmiAPITestThread_createObjectTest.cdmiAPITest_createObject.cdmiAPITest_sysPrint:cdmiAPITest_getWriter" name="cdmiAPITest_getWriter" callStartTime="1169447049648" callEndTime="-1" timeSum="0" callCountSum="0" nodeType="API">
<property name="userObject">cdmiAPITest_getWriter</property>
<property name="CSSclass">API</property>
<treelink from="ROOT.T0.cdmiAPITestThread_run.cdmiAPITestThread_createObjectTest.cdmiAPITest_createObject:cdmiAPITest_sysPrint" id="ROOT.T0.cdmiAPITestThread_run.cdmiAPITestThread_createObjectTest.cdmiAPITest_createObject.cdmiAPITest_sysPrint.cdmiAPITest_getWriter:cdmiAPITest_sysPrint__cdmiAPITest_getWriter" name="cdmiAPITest_sysPrint__cdmiAPITest_getWriter" islink="true" to="ROOT.T0.cdmiAPITestThread_run.cdmiAPITestThread_createObjectTest.cdmiAPITest_createObject.cdmiAPITest_sysPrint:cdmiAPITest_getWriter" callStartTime="1169447049648" callEndTime="1169447049648" callCount="1" elapsedTime="0" color="green">
<property name="edgeLabel">(0 / 1)</property>
</treelink>
</treenode>
<treelink from="ROOT.T0.cdmiAPITestThread_run.cdmiAPITestThread_createObjectTest:cdmiAPITest_createObject" id="ROOT.T0.cdmiAPITestThread_run.cdmiAPITestThread_createObjectTest.cdmiAPITest_createObject.cdmiAPITest_sysPrint:cdmiAPITest_createObject__cdmiAPITest_sysPrint" name="cdmiAPITest_createObject__cdmiAPITest_sysPrint" islink="true" to="ROOT.T0.cdmiAPITestThread_run.cdmiAPITestThread_createObjectTest.cdmiAPITest_createObject:cdmiAPITest_sysPrint" callStartTime="1169447049648" callEndTime="1169447049648" callCount="1" elapsedTime="0" color="green">
<property name="edgeLabel">(0 / 1)</property>
</treelink>
</treenode>
<treelink from="ROOT.T0.cdmiAPITestThread_run:cdmiAPITestThread_createObjectTest" id="ROOT.T0.cdmiAPITestThread_run.cdmiAPITestThread_createObjectTest.cdmiAPITest_createObject:cdmiAPITestThread_createObjectTest__cdmiAPITest_createObject" name="cdmiAPITestThread_createObjectTest__cdmiAPITest_createObject" islink="true" to="ROOT.T0.cdmiAPITestThread_run.cdmiAPITestThread_createObjectTest:cdmiAPITest_createObject" callStartTime="1169447049367" callEndTime="1169447049648" callCount="1" elapsedTime="281" color="green">
<property name="edgeLabel">(281 / 1)</property>
</treelink>
</treenode>
<treenode namespace="ROOT.T0.cdmiAPITestThread_run.cdmiAPITestThread_createObjectTest" id="ROOT.T0.cdmiAPITestThread_run.cdmiAPITestThread_createObjectTest:TestData_TestData" name="TestData_TestData" callStartTime="1169447049648" callEndTime="-1" timeSum="0" callCountSum="0" nodeType="API">
<property name="userObject">TestData_TestData</property>
<property name="CSSclass">API</property>
<treelink from="ROOT.T0.cdmiAPITestThread_run:cdmiAPITestThread_createObjectTest" id="ROOT.T0.cdmiAPITestThread_run.cdmiAPITestThread_createObjectTest.TestData_TestData:cdmiAPITestThread_createObjectTest__TestData_TestData" name="cdmiAPITestThread_createObjectTest__TestData_TestData" islink="true" to="ROOT.T0.cdmiAPITestThread_run.cdmiAPITestThread_createObjectTest:TestData_TestData" callStartTime="1169447049648" callEndTime="1169447049648" callCount="1" elapsedTime="0" color="green">
<property name="edgeLabel">(0 / 1)</property>
</treelink>
</treenode>
<treenode namespace="ROOT.T0.cdmiAPITestThread_run.cdmiAPITestThread_createObjectTest" id="ROOT.T0.cdmiAPITestThread_run.cdmiAPITestThread_createObjectTest:cdmiAPITest_createRelation" name="cdmiAPITest_createRelation" callStartTime="1169447063148" callEndTime="-1" timeSum="0" callCountSum="0" nodeType="API">
<property name="userObject">cdmiAPITest_createRelation</property>
<property name="CSSclass">API</property>
<treenode namespace="ROOT.T0.cdmiAPITestThread_run.cdmiAPITestThread_createObjectTest.cdmiAPITest_createRelation" id="ROOT.T0.cdmiAPITestThread_run.cdmiAPITestThread_createObjectTest.cdmiAPITest_createRelation:cdmiAPITest_getSysTime" name="cdmiAPITest_getSysTime" callStartTime="1169447063148" callEndTime="-1" timeSum="0" callCountSum="0" nodeType="API">
<property name="userObject">cdmiAPITest_getSysTime</property>
<property name="CSSclass">API</property>
<treelink from="ROOT.T0.cdmiAPITestThread_run.cdmiAPITestThread_createObjectTest:cdmiAPITest_createRelation" id="ROOT.T0.cdmiAPITestThread_run.cdmiAPITestThread_createObjectTest.cdmiAPITest_createRelation.cdmiAPITest_getSysTime:cdmiAPITest_createRelation__cdmiAPITest_getSysTime" name="cdmiAPITest_createRelation__cdmiAPITest_getSysTime" islink="true" to="ROOT.T0.cdmiAPITestThread_run.cdmiAPITestThread_createObjectTest.cdmiAPITest_createRelation:cdmiAPITest_getSysTime" callStartTime="1169447063148" callEndTime="1169447063148" callCount="1" elapsedTime="0" color="green">
<property name="edgeLabel">(0 / 1)</property>
</treelink>
</treenode>
<treenode namespace="ROOT.T0.cdmiAPITestThread_run.cdmiAPITestThread_createObjectTest.cdmiAPITest_createRelation" id="ROOT.T0.cdmiAPITestThread_run.cdmiAPITestThread_createObjectTest.cdmiAPITest_createRelation:cdmiAPITest_getContext" name="cdmiAPITest_getContext" callStartTime="1169447063148" callEndTime="-1" timeSum="0" callCountSum="0" nodeType="API">
<property name="userObject">cdmiAPITest_getContext</property>
<property name="CSSclass">API</property>
<treelink from="ROOT.T0.cdmiAPITestThread_run.cdmiAPITestThread_createObjectTest:cdmiAPITest_createRelation" id="ROOT.T0.cdmiAPITestThread_run.cdmiAPITestThread_createObjectTest.cdmiAPITest_createRelation.cdmiAPITest_getContext:cdmiAPITest_createRelation__cdmiAPITest_getContext" name="cdmiAPITest_createRelation__cdmiAPITest_getContext" islink="true" to="ROOT.T0.cdmiAPITestThread_run.cdmiAPITestThread_createObjectTest.cdmiAPITest_createRelation:cdmiAPITest_getContext" callStartTime="1169447063148" callEndTime="1169447063148" callCount="1" elapsedTime="0" color="green">
<property name="edgeLabel">(0 / 1)</property>
</treelink>
</treenode>
<treenode namespace="ROOT.T0.cdmiAPITestThread_run.cdmiAPITestThread_createObjectTest.cdmiAPITest_createRelation" id="ROOT.T0.cdmiAPITestThread_run.cdmiAPITestThread_createObjectTest.cdmiAPITest_createRelation:cdmiPerfUtil_createGuid" name="cdmiPerfUtil_createGuid" callStartTime="1169447063148" callEndTime="-1" timeSum="0" callCountSum="0" nodeType="API">
<property name="userObject">cdmiPerfUtil_createGuid</property>
<property name="CSSclass">API</property>
<treelink from="ROOT.T0.cdmiAPITestThread_run.cdmiAPITestThread_createObjectTest:cdmiAPITest_createRelation" id="ROOT.T0.cdmiAPITestThread_run.cdmiAPITestThread_createObjectTest.cdmiAPITest_createRelation.cdmiPerfUtil_createGuid:cdmiAPITest_createRelation__cdmiPerfUtil_createGuid" name="cdmiAPITest_createRelation__cdmiPerfUtil_createGuid" islink="true" to="ROOT.T0.cdmiAPITestThread_run.cdmiAPITestThread_createObjectTest.cdmiAPITest_createRelation:cdmiPerfUtil_createGuid" callStartTime="1169447063148" callEndTime="1169447063148" callCount="1" elapsedTime="0" color="green">
<property name="edgeLabel">(0 / 1)</property>
</treelink>
</treenode>
<treenode namespace="ROOT.T0.cdmiAPITestThread_run.cdmiAPITestThread_createObjectTest.cdmiAPITest_createRelation" id="ROOT.T0.cdmiAPITestThread_run.cdmiAPITestThread_createObjectTest.cdmiAPITest_createRelation:cdmiAPITest_getThreadName" name="cdmiAPITest_getThreadName" callStartTime="1169447063195" callEndTime="-1" timeSum="0" callCountSum="0" nodeType="API">
<property name="userObject">cdmiAPITest_getThreadName</property>
<property name="CSSclass">API</property>
<treelink from="ROOT.T0.cdmiAPITestThread_run.cdmiAPITestThread_createObjectTest:cdmiAPITest_createRelation" id="ROOT.T0.cdmiAPITestThread_run.cdmiAPITestThread_createObjectTest.cdmiAPITest_createRelation.cdmiAPITest_getThreadName:cdmiAPITest_createRelation__cdmiAPITest_getThreadName" name="cdmiAPITest_createRelation__cdmiAPITest_getThreadName" islink="true" to="ROOT.T0.cdmiAPITestThread_run.cdmiAPITestThread_createObjectTest.cdmiAPITest_createRelation:cdmiAPITest_getThreadName" callStartTime="1169447063195" callEndTime="1169447063195" callCount="1" elapsedTime="0" color="green">
<property name="edgeLabel">(0 / 1)</property>
</treelink>
</treenode>
<treenode namespace="ROOT.T0.cdmiAPITestThread_run.cdmiAPITestThread_createObjectTest.cdmiAPITest_createRelation" id="ROOT.T0.cdmiAPITestThread_run.cdmiAPITestThread_createObjectTest.cdmiAPITest_createRelation:cdmiAPITest_sysPrint" name="cdmiAPITest_sysPrint" callStartTime="1169447063195" callEndTime="-1" timeSum="0" callCountSum="0" nodeType="API">
<property name="userObject">cdmiAPITest_sysPrint</property>
<property name="CSSclass">API</property>
<treenode namespace="ROOT.T0.cdmiAPITestThread_run.cdmiAPITestThread_createObjectTest.cdmiAPITest_createRelation.cdmiAPITest_sysPrint" id="ROOT.T0.cdmiAPITestThread_run.cdmiAPITestThread_createObjectTest.cdmiAPITest_createRelation.cdmiAPITest_sysPrint:cdmiAPITest_getWriter" name="cdmiAPITest_getWriter" callStartTime="1169447063195" callEndTime="-1" timeSum="0" callCountSum="0" nodeType="API">
<property name="userObject">cdmiAPITest_getWriter</property>
<property name="CSSclass">API</property>
<treelink from="ROOT.T0.cdmiAPITestThread_run.cdmiAPITestThread_createObjectTest.cdmiAPITest_createRelation:cdmiAPITest_sysPrint" id="ROOT.T0.cdmiAPITestThread_run.cdmiAPITestThread_createObjectTest.cdmiAPITest_createRelation.cdmiAPITest_sysPrint.cdmiAPITest_getWriter:cdmiAPITest_sysPrint__cdmiAPITest_getWriter" name="cdmiAPITest_sysPrint__cdmiAPITest_getWriter" islink="true" to="ROOT.T0.cdmiAPITestThread_run.cdmiAPITestThread_createObjectTest.cdmiAPITest_createRelation.cdmiAPITest_sysPrint:cdmiAPITest_getWriter" callStartTime="1169447063195" callEndTime="1169447063195" callCount="1" elapsedTime="0" color="green">
<property name="edgeLabel">(0 / 1)</property>
</treelink>
</treenode>
<treelink from="ROOT.T0.cdmiAPITestThread_run.cdmiAPITestThread_createObjectTest:cdmiAPITest_createRelation" id="ROOT.T0.cdmiAPITestThread_run.cdmiAPITestThread_createObjectTest.cdmiAPITest_createRelation.cdmiAPITest_sysPrint:cdmiAPITest_createRelation__cdmiAPITest_sysPrint" name="cdmiAPITest_createRelation__cdmiAPITest_sysPrint" islink="true" to="ROOT.T0.cdmiAPITestThread_run.cdmiAPITestThread_createObjectTest.cdmiAPITest_createRelation:cdmiAPITest_sysPrint" callStartTime="1169447063195" callEndTime="1169447063195" callCount="1" elapsedTime="0" color="green">
<property name="edgeLabel">(0 / 1)</property>
</treelink>
</treenode>
<treelink from="ROOT.T0.cdmiAPITestThread_run:cdmiAPITestThread_createObjectTest" id="ROOT.T0.cdmiAPITestThread_run.cdmiAPITestThread_createObjectTest.cdmiAPITest_createRelation:cdmiAPITestThread_createObjectTest__cdmiAPITest_createRelation" name="cdmiAPITestThread_createObjectTest__cdmiAPITest_createRelation" islink="true" to="ROOT.T0.cdmiAPITestThread_run.cdmiAPITestThread_createObjectTest:cdmiAPITest_createRelation" callStartTime="1169447063148" callEndTime="1169447063195" callCount="1" elapsedTime="47" color="green">
<property name="edgeLabel">(47 / 1)</property>
</treelink>
</treenode>
<treenode namespace="ROOT.T0.cdmiAPITestThread_run.cdmiAPITestThread_createObjectTest" id="ROOT.T0.cdmiAPITestThread_run.cdmiAPITestThread_createObjectTest:cdmiAPITestThread_processData" name="cdmiAPITestThread_processData" callStartTime="1169447237630" callEndTime="-1" timeSum="0" callCountSum="0" nodeType="API">
<property name="userObject">cdmiAPITestThread_processData</property>
<property name="CSSclass">API</property>
<treenode namespace="ROOT.T0.cdmiAPITestThread_run.cdmiAPITestThread_createObjectTest.cdmiAPITestThread_processData" id="ROOT.T0.cdmiAPITestThread_run.cdmiAPITestThread_createObjectTest.cdmiAPITestThread_processData:TestData_getElapsedTime" name="TestData_getElapsedTime" callStartTime="1169447237630" callEndTime="-1" timeSum="0" callCountSum="0" nodeType="API">
<property name="userObject">TestData_getElapsedTime</property>
<property name="CSSclass">API</property>
<treelink from="ROOT.T0.cdmiAPITestThread_run.cdmiAPITestThread_createObjectTest:cdmiAPITestThread_processData" id="ROOT.T0.cdmiAPITestThread_run.cdmiAPITestThread_createObjectTest.cdmiAPITestThread_processData.TestData_getElapsedTime:cdmiAPITestThread_processData__TestData_getElapsedTime" name="cdmiAPITestThread_processData__TestData_getElapsedTime" islink="true" to="ROOT.T0.cdmiAPITestThread_run.cdmiAPITestThread_createObjectTest.cdmiAPITestThread_processData:TestData_getElapsedTime" callStartTime="1169447237630" callEndTime="1169447237630" callCount="1" elapsedTime="0" color="green">
<property name="edgeLabel">(0 / 1)</property>
</treelink>
</treenode>
<treenode namespace="ROOT.T0.cdmiAPITestThread_run.cdmiAPITestThread_createObjectTest.cdmiAPITestThread_processData" id="ROOT.T0.cdmiAPITestThread_run.cdmiAPITestThread_createObjectTest.cdmiAPITestThread_processData:TestData_toString" name="TestData_toString" callStartTime="1169447237630" callEndTime="-1" timeSum="0" callCountSum="0" nodeType="API">
<property name="userObject">TestData_toString</property>
<property name="CSSclass">API</property>
<treelink from="ROOT.T0.cdmiAPITestThread_run.cdmiAPITestThread_createObjectTest:cdmiAPITestThread_processData" id="ROOT.T0.cdmiAPITestThread_run.cdmiAPITestThread_createObjectTest.cdmiAPITestThread_processData.TestData_toString:cdmiAPITestThread_processData__TestData_toString" name="cdmiAPITestThread_processData__TestData_toString" islink="true" to="ROOT.T0.cdmiAPITestThread_run.cdmiAPITestThread_createObjectTest.cdmiAPITestThread_processData:TestData_toString" callStartTime="1169447237630" callEndTime="1169447237630" callCount="1" elapsedTime="0" color="green">
<property name="edgeLabel">(0 / 1)</property>
</treelink>
</treenode>
<treenode namespace="ROOT.T0.cdmiAPITestThread_run.cdmiAPITestThread_createObjectTest.cdmiAPITestThread_processData" id="ROOT.T0.cdmiAPITestThread_run.cdmiAPITestThread_createObjectTest.cdmiAPITestThread_processData:TestData_getInstanceInfo" name="TestData_getInstanceInfo" callStartTime="1169447237630" callEndTime="-1" timeSum="0" callCountSum="0" nodeType="API">
<property name="userObject">TestData_getInstanceInfo</property>
<property name="CSSclass">API</property>
<treelink from="ROOT.T0.cdmiAPITestThread_run.cdmiAPITestThread_createObjectTest:cdmiAPITestThread_processData" id="ROOT.T0.cdmiAPITestThread_run.cdmiAPITestThread_createObjectTest.cdmiAPITestThread_processData.TestData_getInstanceInfo:cdmiAPITestThread_processData__TestData_getInstanceInfo" name="cdmiAPITestThread_processData__TestData_getInstanceInfo" islink="true" to="ROOT.T0.cdmiAPITestThread_run.cdmiAPITestThread_createObjectTest.cdmiAPITestThread_processData:TestData_getInstanceInfo" callStartTime="1169447237630" callEndTime="1169447237630" callCount="1" elapsedTime="0" color="green">
<property name="edgeLabel">(0 / 1)</property>
</treelink>
</treenode>
<treelink from="ROOT.T0.cdmiAPITestThread_run:cdmiAPITestThread_createObjectTest" id="ROOT.T0.cdmiAPITestThread_run.cdmiAPITestThread_createObjectTest.cdmiAPITestThread_processData:cdmiAPITestThread_createObjectTest__cdmiAPITestThread_processData" name="cdmiAPITestThread_createObjectTest__cdmiAPITestThread_processData" islink="true" to="ROOT.T0.cdmiAPITestThread_run.cdmiAPITestThread_createObjectTest:cdmiAPITestThread_processData" callStartTime="1169447237630" callEndTime="1169447237677" callCount="1" elapsedTime="47" color="green">
<property name="edgeLabel">(47 / 1)</property>
</treelink>
</treenode>
<treelink from="ROOT.T0:cdmiAPITestThread_run" id="ROOT.T0.cdmiAPITestThread_run.cdmiAPITestThread_createObjectTest:cdmiAPITestThread_run__cdmiAPITestThread_createObjectTest" name="cdmiAPITestThread_run__cdmiAPITestThread_createObjectTest" islink="true" to="ROOT.T0.cdmiAPITestThread_run:cdmiAPITestThread_createObjectTest" callStartTime="1169447049367" callEndTime="1169447237677" callCount="1" elapsedTime="188310" color="red">
<property name="edgeLabel">(188310 / 1)</property>
</treelink>
</treenode>
<treelink from="ROOT:T0" id="ROOT.T0.cdmiAPITestThread_run:T0__cdmiAPITestThread_run" name="T0__cdmiAPITestThread_run" islink="true" to="ROOT.T0:cdmiAPITestThread_run" callStartTime="1169447049367" callEndTime="1169447237677" callCount="1" elapsedTime="188310" color="red">
<property name="edgeLabel">(188310 / 1)</property>
</treelink>
</treenode>
</treenode>
<treelink from="ROOT:ROOT" id=":ROOT_T0" name="ROOT_T0" islink="true" to="ROOT:T0" callStartTime="1169447047960" callEndTime="1169447237677" callCount="1" elapsedTime="189717" color="red">
<property name="edgeLabel">(189717 / 1)</property>
</treelink>
</treenode>
</diagram>
