<?xml version="1.0" encoding="UTF-8" ?>
<!DOCTYPE log4j:configuration SYSTEM "log4j.dtd"> 
<log4j:configuration>  
  <appender name="CONSOLE" class="org.apache.log4j.ConsoleAppender">
    <layout class="org.apache.log4j.PatternLayout">
      <param name="ConversionPattern"
             value="%d [%t] %-5p %c - %m%n"/>
    </layout>
  </appender>  
<appender name="FILE" class="org.apache.log4j.RollingFileAppender">
    <param name="File" value="../logs/soba/soba.log"/>  
    <param name="Append" value="true"/>
    <layout class="org.apache.log4j.PatternLayout">
      <param name="ConversionPattern" value="%d{ISO8601} %t %-5p %c{2} %m%n"/>
    </layout>
  </appender>
  <appender name="PERF" class="org.apache.log4j.RollingFileAppender">
    <param name="File" value="../logs/soba/soba_perf_log4j.log"/>  
    <param name="Append" value="true"/>
    <layout class="org.apache.log4j.PatternLayout">
      <param name="ConversionPattern" value="%d{ISO8601}|API|%t|%r%m%C.%M%n"/>
    </layout>
    <filter class="org.apache.log4j.varia.LevelRangeFilter" >
     <param name="LevelMin" value="INFO"/>
     </filter>
  </appender>
  <logger name="org.apache">
    <level value="INFO"/>
  </logger>
  <logger name="org.springframework.web">
    <level value="INFO"/>
      </logger>
        <logger name="org.springframework.security">
    <level value="INFO"/>
      </logger>
  <logger name="com.perfmath.spring.soba">
    <level value="INFO"/>
      <appender-ref ref="PERF"/>
  </logger>

  <root>
  <priority value="INFO" />
   <!--  <level value="ERROR"/> -->
  <appender-ref ref="FILE"/> 
 <!--<appender-ref ref="CONSOLE"/>-->
  </root>
</log4j:configuration>

