<!DOCTYPE ejb-jar PUBLIC
    "-//Sun Microsystems, Inc.//DTD Enterprise JavaBeans 2.0//EN"
    "http://java.sun.com/dtd/ejb-jar_2_0.dtd">

<ejb-jar>
	<enterprise-beans>
		<session>
			<display-name>CustomerSessionBean</display-name>
			<ejb-name>CustomerSession</ejb-name>
			<home>com.ejb2.test.CustomerSessionHome</home>
			<remote>com.ejb2.test.CustomerSession</remote>
			<ejb-class>com.ejb2.test.CustomerSessionBean</ejb-class>
			<session-type>Stateless</session-type>
			<transaction-type>Container</transaction-type>

			<ejb-local-ref>
				<ejb-ref-name>ejb/Customer</ejb-ref-name>
				<ejb-ref-type>Entity</ejb-ref-type>
				<local-home>com.ejb2.test.CustomerLocalHome</local-home>
				<local>com.ejb2.test.CustomerLocal</local>
				<ejb-link>Customer</ejb-link>
			</ejb-local-ref>

			<security-identity>
				<description></description>
				<use-caller-identity></use-caller-identity>
			</security-identity>
		</session>
		<entity>
			<display-name>CustomerBean</display-name>
			<ejb-name>Customer</ejb-name>
			<home>com.ejb2.test.CustomerHome</home>
			<remote>com.ejb2.test.Customer</remote>
			<local-home>com.ejb2.test.CustomerLocalHome</local-home>
			<local>com.ejb2.test.CustomerLocal</local>
			<ejb-class>com.ejb2.test.CustomerBean</ejb-class>
			<persistence-type>Bean</persistence-type>
			<prim-key-class>java.lang.String</prim-key-class>
			<reentrant>False</reentrant>
			<env-entry>
				<env-entry-name>CustomerDAOClass</env-entry-name>
				<env-entry-type>java.lang.String</env-entry-type>
				<env-entry-value>com.ejb2.test.CustomerDAOMySQL</env-entry-value>
			</env-entry>
			<security-identity>
				<description></description>
				<use-caller-identity></use-caller-identity>
			</security-identity>

			<resource-ref>
				<res-ref-name>DefaultDS</res-ref-name>
				<res-type>javax.sql.DataSource</res-type>
				<res-auth>Container</res-auth>
				<res-sharing-scope>Shareable</res-sharing-scope>
			</resource-ref>
		</entity>
	</enterprise-beans>
		<assembly-descriptor>
		<method-permission>
			<!--unchecked/ -->
			<role-name>JBossAdmin</role-name>
			<method>
				<ejb-name>Customer</ejb-name>
				<method-name>*</method-name>
			</method>
		</method-permission>
		<method-permission>
			<!--unchecked/ -->
			<role-name>JBossAdmin</role-name>
			<method>
				<ejb-name>CustomerSession</ejb-name>
				<method-name>*</method-name>
			</method>
		</method-permission>
		<container-transaction>
			<method>
				<description>getTotalCustomers</description>
				<ejb-name>CustomerSession</ejb-name>
				<method-intf>Remote</method-intf>
				<method-name>getTotalCustomers</method-name>
				<method-params />
			</method>
			<trans-attribute>Required</trans-attribute>
		</container-transaction>
		<container-transaction>
			<description></description>
			<method>
				<description>createCustomer</description>
				<ejb-name>CustomerSession</ejb-name>
				<method-intf>Remote</method-intf>
				<method-name>createCustomer</method-name>
				<method-params>
					<method-param>CustomerVO</method-param>
				</method-params>
			</method>
			<trans-attribute>Required</trans-attribute>
		</container-transaction>

	</assembly-descriptor>
</ejb-jar>
